IDusuario,Nombre,Apellido,timestamp,FechaDeNacimiento,Tel,CorreoElectronico
1,Jose,Perez,2023-01-01 10:00:00.000,1999-01-01,68592430,jose1perez@gmail.com
2,Maria,Rodriguez,2023-01-02 10:00:00.000,1999-01-02,68592431,maria2rodriguez@gmail.com
3,Carlos,Gonzales,2023-01-03 10:00:00.000,1999-01-03,68592432,carlos3gonzales@gmail.com
4,Ana,Lopez,2023-01-04 10:00:00.000,1999-01-04,68592433,ana4lopez@gmail.com
5,Luis,Fernandez,2023-01-05 10:00:00.000,1999-01-05,68592434,luis5fernandez@gmail.com
6,Andrea,Garcia,2023-01-06 10:00:00.000,1999-01-06,68592435,andrea6garcia@gmail.com
7,Jorge,Ramirez,2023-01-07 10:00:00.000,1999-01-07,68592436,jorge7ramirez@gmail.com
8,Sandra,Mendez,2023-01-08 10:00:00.000,1999-01-08,68592437,sandra8mendez@gmail.com
9,Fernando,Martinez,2023-01-09 10:00:00.000,1999-01-09,68592438,fernando9martinez@gmail.com
10,Laura,Torrez,2023-01-10 10:00:00.000,1999-01-10,68592439,laura10torrez@gmail.com
11,Miguel,Ortiz,2023-01-11 10:00:00.000,2000-10-1,68592440,miguel11ortiz@gmail.com
12,Martha,Suarez,2023-01-12 10:00:00.000,2000-10-2,68592441,martha12suarez@gmail.com
13,Ricardo,Rojas,2023-01-13 10:00:00.000,2000-10-3,68592442,ricardo13rojas@gmail.com
14,Veronica,Rivas,2023-01-14 10:00:00.000,2000-10-4,68592443,veronica14rivas@gmail.com
15,Oscar,Vargas,2023-01-15 10:00:00.000,2000-10-5,68592444,oscar15vargas@gmail.com
16,Natalia,Gutierrez,2023-01-16 10:00:00.000,2000-10-6,68592445,natalia16gutierrez@gmail.com
17,Ivan,Flores,2023-01-17 10:00:00.000,2000-10-7,68592446,ivan17flores@gmail.com
18,Claudia,Vega,2023-01-18 10:00:00.000,2000-10-8,68592447,claudia18vega@gmail.com
19,Victor,Aguirre,2023-01-19 10:00:00.000,2000-10-9,68592448,victor19aguirre@gmail.com
20,Elena,Cortez,2023-01-20 10:00:00.000,2000-10-10,68592449,elena20cortez@gmail.com
21,Raul,Salazar,2023-01-21 10:00:00.000,2000-10-11,68592450,raul21salazar@gmail.com
22,Patricia,Nina,2023-01-22 10:00:00.000,2000-10-12,68592451,patricia22nina@gmail.com
23,Javier,Loayza,2023-01-23 10:00:00.000,2003-04-05,68592452,javier23loayza@gmail.com
24,Karen,Arce,2023-01-24 10:00:00.000,2003-04-06,68592453,karen24arce@gmail.com
25,Eduardo,Duran,2023-01-25 10:00:00.000,2003-04-07,68592454,eduardo25duran@gmail.com
26,Lucia,Espinoza,2023-01-26 10:00:00.000,2003-04-08,68592455,lucia26espinoza@gmail.com
27,Alfredo,Serrano,2023-01-27 10:00:00.000,2003-04-09,68592456,alfredo27serrano@gmail.com
28,Isabel,Molina,2023-01-28 10:00:00.000,2003-04-10,68592457,isabel28molina@gmail.com
29,Mauricio,Galindo,2023-01-29 10:00:00.000,2003-04-11,68592458,mauricio29galindo@gmail.com
30,Gabriela,Alvarez,2023-01-30 10:00:00.000,2003-04-12,68592459,gabriela30alvarez@gmail.com
31,Diego,Montano,2023-01-31 10:00:00.000,2003-04-13,68592460,diego31montano@gmail.com
32,Rocio,Chavez,2023-02-01 10:00:00.000,2003-04-14,68592461,rocio32chavez@gmail.com
33,Rodrigo,Rios,2023-02-02 10:00:00.000,2003-04-15,68592462,rodrigo33rios@gmail.com
34,Silvia,Navarro,2023-02-03 10:00:00.000,2003-04-16,68592463,silvia34navarro@gmail.com
35,Hector,Peña,2023-02-04 10:00:00.000,2003-04-17,68592464,hector35peña@gmail.com
36,Gloria,Padilla,2023-02-05 10:00:00.000,2003-04-18,68592465,gloria36padilla@gmail.com
37,Raquel,Vera,2023-02-06 10:00:00.000,1989-01-01,68592466,raquel37vera@gmail.com
38,Ruben,Saavedra,2023-02-07 10:00:00.000,1989-01-02,68592467,ruben38saavedra@gmail.com
39,Sofia,Guzman,2023-02-08 10:00:00.000,1989-01-03,68592468,sofia39guzman@gmail.com
40,Daniel,Quiroga,2023-02-09 10:00:00.000,1989-01-04,68592469,daniel40quiroga@gmail.com
41,Monica,Ibarra,2023-02-10 10:00:00.000,1989-01-05,68592470,monica41ibarra@gmail.com
42,Alvaro,Arias,2023-02-11 10:00:00.000,1989-01-06,68592471,alvaro42arias@gmail.com
43,Lorena,Sosa,2023-02-12 10:00:00.000,1989-01-07,68592472,lorena43sosa@gmail.com
44,Gerardo,Campos,2023-02-13 10:00:00.000,1989-01-08,68592473,gerardo44campos@gmail.com
45,Paola,Maldonado,2023-02-14 10:00:00.000,1989-01-09,68592474,paola45maldonado@gmail.com
46,Guillermo,Vargas,2023-02-15 10:00:00.000,1989-01-10,68592475,guillermo46vargas@gmail.com
47,Vanessa,Jimenez,2023-02-16 10:00:00.000,1969-01-01,68592476,vanessa47jimenez@gmail.com
48,Cesar,Mejia,2023-02-17 10:00:00.000,1969-01-02,68592477,cesar48mejia@gmail.com
49,Ines,Reyes,2023-02-18 10:00:00.000,1969-01-03,68592478,ines49reyes@gmail.com
50,Alex,Villarroel,2023-02-19 10:00:00.000,1969-01-04,68592479,alex50villarroel@gmail.com
51,Camila,Castro,2023-02-20 10:00:00.000,1969-01-05,68592480,camila51castro@gmail.com
52,Juan,Marquez,2023-02-21 10:00:00.000,1969-01-06,68592481,juan52marquez@gmail.com
53,Karina,Garcia,2023-02-22 10:00:00.000,1969-01-07,68592482,karina53garcia@gmail.com
54,Julio,Perez,2023-02-23 10:00:00.000,1969-01-08,68592483,julio54perez@gmail.com
55,Pablo,Flores,2023-02-24 10:00:00.000,1969-01-09,68592484,pablo55flores@gmail.com
56,Clara,Rios,2023-02-25 10:00:00.000,1969-01-10,68592485,clara56rios@gmail.com
57,Roberto,Sanchez,2023-02-26 10:00:00.000,2001-10-9,68592486,roberto57sanchez@gmail.com
58,Estela,Mendoza,2023-02-27 10:00:00.000,2001-10-10,68592487,estela58mendoza@gmail.com
59,Luis,Ortiz,2023-02-28 10:00:00.000,2001-10-11,68592488,luis59ortiz@gmail.com
60,Gabriela,Mamani,2023-03-01 10:00:00.000,2001-10-12,68592489,gabriela60mamani@gmail.com
61,Diego,Alvarez,2023-03-02 10:00:00.000,2001-10-13,68592490,diego61alvarez@gmail.com
62,Mariana,Rivera,2023-03-03 10:00:00.000,2001-10-14,68592491,mariana62rivera@gmail.com
63,Ricardo,Romero,2023-03-04 10:00:00.000,2001-10-15,68592492,ricardo63romero@gmail.com
64,Lucia,Guzman,2023-03-05 10:00:00.000,2001-10-16,68592493,lucia64guzman@gmail.com
65,Jorge,Castillo,2023-03-06 10:00:00.000,2001-10-17,68592494,jorge65castillo@gmail.com
66,Andrea,Miranda,2023-03-07 10:00:00.000,2001-10-18,68592495,andrea66miranda@gmail.com
67,Fernando,Paz,2023-03-08 10:00:00.000,2001-10-19,68592496,fernando67paz@gmail.com
68,Laura,Gonzalez,2023-03-09 10:00:00.000,2001-10-20,68592497,laura68gonzalez@gmail.com
69,Enrique,Jimenez,2023-03-10 10:00:00.000,2001-10-21,68592498,enrique69jimenez@gmail.com
70,Gloria,Lopez,2023-03-11 10:00:00.000,2001-10-22,68592499,gloria70lopez@gmail.com
71,Victor,Hernandez,2023-03-12 10:00:00.000,2001-10-23,68592500,victor71hernandez@gmail.com
72,Natalia,Cruz,2023-03-13 10:00:00.000,2001-10-24,68592501,natalia72cruz@gmail.com
73,Sergio,Ortiz,2023-03-14 10:00:00.000,2001-10-25,68592502,sergio73ortiz@gmail.com
74,Mariana,Salazar,2023-03-15 10:00:00.000,2001-10-26,68592503,mariana74salazar@gmail.com
75,Francisco,Mendoza,2023-03-16 10:00:00.000,2005-10-9,68592504,francisco75mendoza@gmail.com
76,Cristina,Lopez,2023-03-17 10:00:00.000,2005-10-10,68592505,cristina76lopez@gmail.com
77,Oscar,Perez,2023-03-18 10:00:00.000,2005-10-11,68592506,oscar77perez@gmail.com
78,Ana,Reyes,2023-03-19 10:00:00.000,2005-10-12,68592507,ana78reyes@gmail.com
79,Carlos,Mendoza,2023-03-20 10:00:00.000,2005-10-13,68592508,carlos79mendoza@gmail.com
80,Fernanda,Ortiz,2023-03-21 10:00:00.000,2005-10-14,68592509,fernanda80ortiz@gmail.com
81,Luis,Castillo,2023-03-22 10:00:00.000,2005-10-15,68592510,luis81castillo@gmail.com
82,Martina,Garcia,2023-03-23 10:00:00.000,2005-10-16,68592511,martina82garcia@gmail.com
83,Victor,Rojas,2023-03-24 10:00:00.000,2005-10-17,68592512,victor83rojas@gmail.com
84,Camila,Martinez,2023-03-25 10:00:00.000,2005-10-18,68592513,camila84martinez@gmail.com
85,Julio,Sanchez,2023-03-26 10:00:00.000,2005-10-19,68592514,julio85sanchez@gmail.com
86,Marta,Flores,2023-03-27 10:00:00.000,2005-10-20,68592515,marta86flores@gmail.com
87,Hugo,Perez,2023-03-28 10:00:00.000,2005-10-21,68592516,hugo87perez@gmail.com
88,Rosa,Garcia,2023-03-29 10:00:00.000,2005-10-22,68592517,rosa88garcia@gmail.com
89,David,Hernandez,2023-03-30 10:00:00.000,1997-5-9,68592518,david89hernandez@gmail.com
90,Monica,Lopez,2023-03-31 10:00:00.000,1997-5-10,68592519,monica90lopez@gmail.com
91,Carlos,Rodriguez,2023-04-01 10:00:00.000,1997-5-11,68592520,carlos91rodriguez@gmail.com
92,Paula,Martinez,2023-04-02 10:00:00.000,1997-5-12,68592521,paula92martinez@gmail.com
93,Jose,Gomez,2023-04-03 10:00:00.000,1997-5-13,68592522,jose93gomez@gmail.com
94,Adriana,Reyes,2023-04-04 10:00:00.000,1997-5-14,68592523,adriana94reyes@gmail.com
95,Gustavo,Mendez,2023-04-05 10:00:00.000,1997-5-15,68592524,gustavo95mendez@gmail.com
96,Patricia,Lopez,2023-04-06 10:00:00.000,1997-5-16,68592525,patricia96lopez@gmail.com
97,Javier,Gonzalez,2023-04-07 10:00:00.000,1997-5-17,68592526,javier97gonzalez@gmail.com
98,Daniela,Gomez,2023-04-08 10:00:00.000,1997-5-18,68592527,daniela98gomez@gmail.com
99,Juan,Rodriguez,2023-04-09 10:00:00.000,1997-5-19,68592528,juan99rodriguez@gmail.com
100,Marcela,Jimenez,2023-04-10 10:00:00.000,1997-5-20,68592529,marcela100jimenez@gmail.com
